reference,value,footprint,x_mm,y_mm,rotation_deg
C12,100n,<pcbnew.LIB_ID; proxy of <Swig Object of type 'LIB_ID *' at 0x104eae8f0> >,114.0,101.0,90.0
C13,100n,<pcbnew.LIB_ID; proxy of <Swig Object of type 'LIB_ID *' at 0x10539ddf0> >,114.0,98.0,90.0
C14,100n,<pcbnew.LIB_ID; proxy of <Swig Object of type 'LIB_ID *' at 0x1053ae130> >,127.0,101.0,90.0
C15,100n,<pcbnew.LIB_ID; proxy of <Swig Object of type 'LIB_ID *' at 0x1052aca30> >,134.0,97.0,90.0
C16,100n,<pcbnew.LIB_ID; proxy of <Swig Object of type 'LIB_ID *' at 0x1052ac870> >,139.0,74.0,90.0
C17,220n,<pcbnew.LIB_ID; proxy of <Swig Object of type 'LIB_ID *' at 0x1052acd30> >,131.0,75.0,90.0
C18,100n,<pcbnew.LIB_ID; proxy of <Swig Object of type 'LIB_ID *' at 0x1052acc30> >,96.0,105.0,0.0
C19,100n,<pcbnew.LIB_ID; proxy of <Swig Object of type 'LIB_ID *' at 0x1052aca30> >,124.0,94.0,90.0
C20,100n,<pcbnew.LIB_ID; proxy of <Swig Object of type 'LIB_ID *' at 0x1052ac870> >,125.0,108.0,90.0
C21,10u,<pcbnew.LIB_ID; proxy of <Swig Object of type 'LIB_ID *' at 0x1052acd30> >,133.0,106.0,0.0
C22,100n,<pcbnew.LIB_ID; proxy of <Swig Object of type 'LIB_ID *' at 0x1052acc30> >,139.0,77.0,90.0
C23,10u,<pcbnew.LIB_ID; proxy of <Swig Object of type 'LIB_ID *' at 0x1052ac5b0> >,81.0,122.0,90.0
C24,10u,<pcbnew.LIB_ID; proxy of <Swig Object of type 'LIB_ID *' at 0x1052ac870> >,92.0,122.0,90.0
C42,2u2,<pcbnew.LIB_ID; proxy of <Swig Object of type 'LIB_ID *' at 0x1052acd30> >,106.0,101.4,90.0
C43,2u2,<pcbnew.LIB_ID; proxy of <Swig Object of type 'LIB_ID *' at 0x1052acc30> >,112.0,84.0,90.0
C44,4u7,<pcbnew.LIB_ID; proxy of <Swig Object of type 'LIB_ID *' at 0x1052ac5b0> >,87.0,94.0,0.0
C45,100n,<pcbnew.LIB_ID; proxy of <Swig Object of type 'LIB_ID *' at 0x1052ac870> >,90.5,90.0,0.0
C46,100n,<pcbnew.LIB_ID; proxy of <Swig Object of type 'LIB_ID *' at 0x1052acd30> >,86.0,83.0,0.0
C47,100n,<pcbnew.LIB_ID; proxy of <Swig Object of type 'LIB_ID *' at 0x1052acc30> >,94.0,102.0,90.0
C48,100n,<pcbnew.LIB_ID; proxy of <Swig Object of type 'LIB_ID *' at 0x1052ac5b0> >,109.0,102.0,90.0
C49,100n,<pcbnew.LIB_ID; proxy of <Swig Object of type 'LIB_ID *' at 0x1052ac870> >,112.0,81.0,90.0
C50,100n,<pcbnew.LIB_ID; proxy of <Swig Object of type 'LIB_ID *' at 0x1052acd30> >,95.0,80.5,90.0
C51,10p,<pcbnew.LIB_ID; proxy of <Swig Object of type 'LIB_ID *' at 0x1052acc30> >,82.0,85.0,90.0
C52,1u,<pcbnew.LIB_ID; proxy of <Swig Object of type 'LIB_ID *' at 0x1052ac5b0> >,88.0,97.0,0.0
C53,100n,<pcbnew.LIB_ID; proxy of <Swig Object of type 'LIB_ID *' at 0x1052ac870> >,88.0,100.0,0.0
C54,10p,<pcbnew.LIB_ID; proxy of <Swig Object of type 'LIB_ID *' at 0x1052acd30> >,81.0,90.0,90.0
C55,1u,<pcbnew.LIB_ID; proxy of <Swig Object of type 'LIB_ID *' at 0x1052acc30> >,91.0,85.0,90.0
C56,100n,<pcbnew.LIB_ID; proxy of <Swig Object of type 'LIB_ID *' at 0x1052ac5b0> >,87.0,80.0,90.0
C57,100n,<pcbnew.LIB_ID; proxy of <Swig Object of type 'LIB_ID *' at 0x1052ac870> >,146.0,112.0,90.0
C58,100n,<pcbnew.LIB_ID; proxy of <Swig Object of type 'LIB_ID *' at 0x1052acd30> >,146.0,108.0,90.0
C59,100n,<pcbnew.LIB_ID; proxy of <Swig Object of type 'LIB_ID *' at 0x1052acc30> >,71.0,103.0,0.0
C60,10u,<pcbnew.LIB_ID; proxy of <Swig Object of type 'LIB_ID *' at 0x1052ac5b0> >,73.0,116.6,-90.0
C61,100n,<pcbnew.LIB_ID; proxy of <Swig Object of type 'LIB_ID *' at 0x1052ac870> >,74.0,109.0,180.0
C62,22u,<pcbnew.LIB_ID; proxy of <Swig Object of type 'LIB_ID *' at 0x1052acd30> >,64.0,120.0,90.0
C63,22u,<pcbnew.LIB_ID; proxy of <Swig Object of type 'LIB_ID *' at 0x1052acc30> >,67.0,120.0,90.0
D1,SD103AWS,<pcbnew.LIB_ID; proxy of <Swig Object of type 'LIB_ID *' at 0x1052ac5b0> >,93.0,70.0,90.0
D2,SD103AWS,<pcbnew.LIB_ID; proxy of <Swig Object of type 'LIB_ID *' at 0x1052ac870> >,87.0,67.0,90.0
D3,G,<pcbnew.LIB_ID; proxy of <Swig Object of type 'LIB_ID *' at 0x1052acd30> >,141.0,115.0,90.0
D4,G,<pcbnew.LIB_ID; proxy of <Swig Object of type 'LIB_ID *' at 0x1052acc30> >,100.0,123.0,0.0
FB1,FerriteBead_Small,<pcbnew.LIB_ID; proxy of <Swig Object of type 'LIB_ID *' at 0x1052ac5b0> >,93.0,74.0,90.0
FB2,FerriteBead_Small,<pcbnew.LIB_ID; proxy of <Swig Object of type 'LIB_ID *' at 0x1052ac270> >,87.0,71.0,90.0
G***,LOGO,<pcbnew.LIB_ID; proxy of <Swig Object of type 'LIB_ID *' at 0x1052acd30> >,79.0,74.0,0.0
H1,M3,<pcbnew.LIB_ID; proxy of <Swig Object of type 'LIB_ID *' at 0x1052acc30> >,64.0,64.0,0.0
H2,M3,<pcbnew.LIB_ID; proxy of <Swig Object of type 'LIB_ID *' at 0x1052ac5b0> >,146.0,64.0,0.0
H3,M3,<pcbnew.LIB_ID; proxy of <Swig Object of type 'LIB_ID *' at 0x1052aceb0> >,146.0,126.0,0.0
H4,M3,<pcbnew.LIB_ID; proxy of <Swig Object of type 'LIB_ID *' at 0x1052acd30> >,64.0,126.0,0.0
HSE3,25MHz,<pcbnew.LIB_ID; proxy of <Swig Object of type 'LIB_ID *' at 0x1052acc30> >,85.0,88.0,0.0
I2C5,53261-0471,<pcbnew.LIB_ID; proxy of <Swig Object of type 'LIB_ID *' at 0x1052ac5b0> >,146.5,74.0,90.0
J1,USB_B_Micro,<pcbnew.LIB_ID; proxy of <Swig Object of type 'LIB_ID *' at 0x1052aceb0> >,147.33,88.0,90.0
J2,USB_B_Micro,<pcbnew.LIB_ID; proxy of <Swig Object of type 'LIB_ID *' at 0x1052acd30> >,147.33,101.0,90.0
J3,LiPo Battery,<pcbnew.LIB_ID; proxy of <Swig Object of type 'LIB_ID *' at 0x1052acc30> >,66.0,80.0,90.0
JP1,SolderJumper_2_Open,<pcbnew.LIB_ID; proxy of <Swig Object of type 'LIB_ID *' at 0x1052ac5b0> >,139.0,90.0,0.0
L1,4.7u,<pcbnew.LIB_ID; proxy of <Swig Object of type 'LIB_ID *' at 0x1052aceb0> >,68.0,113.0,180.0
LED13,R,<pcbnew.LIB_ID; proxy of <Swig Object of type 'LIB_ID *' at 0x1052acd30> >,108.0,112.0,0.0
LED14,R,<pcbnew.LIB_ID; proxy of <Swig Object of type 'LIB_ID *' at 0x1052acef0> >,108.0,115.0,0.0
LED15,Y,<pcbnew.LIB_ID; proxy of <Swig Object of type 'LIB_ID *' at 0x1052ac430> >,108.0,118.0,0.0
LED16,B,<pcbnew.LIB_ID; proxy of <Swig Object of type 'LIB_ID *' at 0x1052acc30> >,122.0,112.0,180.0
LED17,B,<pcbnew.LIB_ID; proxy of <Swig Object of type 'LIB_ID *' at 0x1052acd30> >,122.0,115.0,180.0
LED18,B,<pcbnew.LIB_ID; proxy of <Swig Object of type 'LIB_ID *' at 0x1052acef0> >,122.0,118.0,180.0
NFCC2,STM32H753VITx,<pcbnew.LIB_ID; proxy of <Swig Object of type 'LIB_ID *' at 0x1052acd30> >,101.0,91.0,0.0
PWM_POW2,Conn_02x08_Odd_Even,<pcbnew.LIB_ID; proxy of <Swig Object of type 'LIB_ID *' at 0x1052acef0> >,120.0,124.3,90.0
PWM_SIG2,2.54mm,<pcbnew.LIB_ID; proxy of <Swig Object of type 'LIB_ID *' at 0x1052de0f0> >,120.0,128.0,90.0
R1,100k,<pcbnew.LIB_ID; proxy of <Swig Object of type 'LIB_ID *' at 0x1052acef0> >,63.0,103.0,0.0
R2,47k,<pcbnew.LIB_ID; proxy of <Swig Object of type 'LIB_ID *' at 0x1052de0b0> >,67.0,103.0,0.0
R3,73.2k,<pcbnew.LIB_ID; proxy of <Swig Object of type 'LIB_ID *' at 0x1052de130> >,80.0,117.0,90.0
R35,330,<pcbnew.LIB_ID; proxy of <Swig Object of type 'LIB_ID *' at 0x1052de0f0> >,112.0,112.0,90.0
R36,330,<pcbnew.LIB_ID; proxy of <Swig Object of type 'LIB_ID *' at 0x1052de030> >,112.0,115.0,90.0
R37,330,<pcbnew.LIB_ID; proxy of <Swig Object of type 'LIB_ID *' at 0x1052de0b0> >,112.0,118.0,90.0
R38,10k,<pcbnew.LIB_ID; proxy of <Swig Object of type 'LIB_ID *' at 0x1052de130> >,125.0,62.5,0.0
R39,100,<pcbnew.LIB_ID; proxy of <Swig Object of type 'LIB_ID *' at 0x1052de0f0> >,118.0,112.0,90.0
R4,10k,<pcbnew.LIB_ID; proxy of <Swig Object of type 'LIB_ID *' at 0x1052de030> >,83.0,109.0,90.0
R40,100,<pcbnew.LIB_ID; proxy of <Swig Object of type 'LIB_ID *' at 0x1052de0b0> >,118.0,115.0,90.0
R41,100,<pcbnew.LIB_ID; proxy of <Swig Object of type 'LIB_ID *' at 0x1052de130> >,118.0,118.0,90.0
R42,4k7,<pcbnew.LIB_ID; proxy of <Swig Object of type 'LIB_ID *' at 0x1052de0f0> >,133.0,68.0,90.0
R43,4k7,<pcbnew.LIB_ID; proxy of <Swig Object of type 'LIB_ID *' at 0x1052de030> >,137.0,68.0,90.0
R44,4k7,<pcbnew.LIB_ID; proxy of <Swig Object of type 'LIB_ID *' at 0x1052de0b0> >,118.0,92.0,0.0
R45,4k7,<pcbnew.LIB_ID; proxy of <Swig Object of type 'LIB_ID *' at 0x1052de130> >,118.0,95.0,0.0
R46,620,<pcbnew.LIB_ID; proxy of <Swig Object of type 'LIB_ID *' at 0x1052de0f0> >,85.0,92.0,0.0
R47,4k7,<pcbnew.LIB_ID; proxy of <Swig Object of type 'LIB_ID *' at 0x1052de030> >,144.0,115.0,90.0
R48,4k7,<pcbnew.LIB_ID; proxy of <Swig Object of type 'LIB_ID *' at 0x1052de0b0> >,144.0,118.0,90.0
R49,4k7,<pcbnew.LIB_ID; proxy of <Swig Object of type 'LIB_ID *' at 0x1052de130> >,136.0,65.0,0.0
R5,10k,<pcbnew.LIB_ID; proxy of <Swig Object of type 'LIB_ID *' at 0x1052de0f0> >,98.0,113.0,90.0
R50,4k7,<pcbnew.LIB_ID; proxy of <Swig Object of type 'LIB_ID *' at 0x1052de030> >,141.0,65.0,0.0
R51,22,<pcbnew.LIB_ID; proxy of <Swig Object of type 'LIB_ID *' at 0x1052de0b0> >,112.0,87.0,180.0
R52,22,<pcbnew.LIB_ID; proxy of <Swig Object of type 'LIB_ID *' at 0x1052de130> >,112.0,88.6,180.0
R53,560,<pcbnew.LIB_ID; proxy of <Swig Object of type 'LIB_ID *' at 0x1052de0f0> >,139.0,81.0,0.0
R54,560,<pcbnew.LIB_ID; proxy of <Swig Object of type 'LIB_ID *' at 0x1052de6f0> >,141.0,118.0,0.0
R55,240,<pcbnew.LIB_ID; proxy of <Swig Object of type 'LIB_ID *' at 0x1052de0b0> >,104.0,123.0,0.0
R6,10k,<pcbnew.LIB_ID; proxy of <Swig Object of type 'LIB_ID *' at 0x1052de130> >,78.0,117.0,90.0
R7,10k,<pcbnew.LIB_ID; proxy of <Swig Object of type 'LIB_ID *' at 0x1052de0f0> >,78.0,113.0,90.0
SW5,SW_Push,<pcbnew.LIB_ID; proxy of <Swig Object of type 'LIB_ID *' at 0x1052de6f0> >,112.0,70.0,0.0
SW6,SW_SPDT,<pcbnew.LIB_ID; proxy of <Swig Object of type 'LIB_ID *' at 0x1052de0b0> >,118.0,63.0,0.0
SWD2,Conn_02x05_Odd_Even,<pcbnew.LIB_ID; proxy of <Swig Object of type 'LIB_ID *' at 0x1052de030> >,90.0,64.0,90.0
TELEM2,53261-0471,<pcbnew.LIB_ID; proxy of <Swig Object of type 'LIB_ID *' at 0x1052de0f0> >,63.5,96.0,-90.0
TP5,I2C1,<pcbnew.LIB_ID; proxy of <Swig Object of type 'LIB_ID *' at 0x1052de6f0> >,134.0,63.0,0.0
TP6,I2C1,<pcbnew.LIB_ID; proxy of <Swig Object of type 'LIB_ID *' at 0x1052de8b0> >,139.0,63.0,0.0
U1,CH330N,<pcbnew.LIB_ID; proxy of <Swig Object of type 'LIB_ID *' at 0x1052de930> >,140.0,109.0,180.0
U10,IIS2MDCTR,<pcbnew.LIB_ID; proxy of <Swig Object of type 'LIB_ID *' at 0x1052de0f0> >,135.0,75.0,0.0
U11,24CW1280T-I/OT,<pcbnew.LIB_ID; proxy of <Swig Object of type 'LIB_ID *' at 0x1052de6f0> >,127.0,91.5,0.0
U12,BMI088,<pcbnew.LIB_ID; proxy of <Swig Object of type 'LIB_ID *' at 0x1052de8b0> >,118.0,100.0,0.0
U2,TPS54302,<pcbnew.LIB_ID; proxy of <Swig Object of type 'LIB_ID *' at 0x1052de930> >,74.0,113.0,0.0
U3,LD39200PU33R,<pcbnew.LIB_ID; proxy of <Swig Object of type 'LIB_ID *' at 0x1052de0f0> >,86.0,122.0,180.0
U7,BMP581,<pcbnew.LIB_ID; proxy of <Swig Object of type 'LIB_ID *' at 0x1052de6f0> >,130.0,98.0,0.0
U8,W25N01GVZEIG,<pcbnew.LIB_ID; proxy of <Swig Object of type 'LIB_ID *' at 0x1052de8b0> >,91.0,111.0,0.0
U9,PCA9685PW,<pcbnew.LIB_ID; proxy of <Swig Object of type 'LIB_ID *' at 0x1052de930> >,131.0,113.0,0.0
